platform_number,time,latitude,longitude,pres,temp,psal,data_mode,temp_qc,psal_qc,position_qc
,UTC,degrees_north,degrees_east,decibar,degree_Celsius,PSU,,,,
1901764,2026-10-08T17:07:53Z,-39.2518,80.6004,9.9,12.348,35.154,A,1,4,1
1901775,2026-10-09T04:56:37Z,-14.918889999389648,115.24078369140625,8.95,27.611,34.2,A,1,1,1
1901929,2026-10-08T17:28:30Z,-24.6399,-11.794,9.5,20.269,36.071,R,1,1,1
1901941,2026-10-08T16:49:59Z,-36.3159,64.9403,8.011,15.239,35.5153,A,1,3,1
1902049,2026-10-09T03:29:15Z,-30.87097,111.59501,10.0,19.749,35.5174,A,1,1,1
1902095,2026-10-08T14:23:51Z,-42.6014,-30.2108,8.0,10.76,34.8461,A,1,1,1
1902101,2026-10-08T16:23:04Z,-25.2156,-37.3137,9.97,22.85,36.9701,A,1,1,1
1902114,2026-10-08T22:51:45Z,28.265,-27.1742,8.01,26.161,37.511,A,1,1,1
1902257,2026-10-08T13:55:08Z,-35.74343,48.99436,10.0,17.313,35.601,R,1,1,1
1902289,2026-10-09T01:51:42Z,4.879,68.7214,10.0,30.331,35.571,A,1,1,1
1902341,2026-10-09T03:32:32Z,36.58,-176.528,10.0,22.802,34.3184,A,1,1,1
1902352,2026-10-08T23:32:43Z,25.494,139.277,9.5,29.058,34.633,R,1,1,1
1902357,2026-10-08T23:36:39Z,32.582,137.009,9.4,26.551,34.455,R,1,1,1
1902359,2026-10-08T23:36:39Z,33.035,136.658,9.4,26.877,34.458,R,1,1,1
1902375,2026-10-08T12:47:02Z,23.63628,-71.42445,8.96,30.017,36.643,A,1,1,1
1902380,2026-10-08T15:06:23Z,17.7844,-46.7217,10.0,28.608,36.765,A,1,1,1
1902391,2026-10-09T04:37:40Z,5.30993,-40.34942,8.88,28.446,36.001,R,1,1,1
1902417,2026-10-09T06:26:32Z,-37.00815,17.84689,9.04,16.561,35.505,R,1,1,1
1902428,2026-10-08T23:26:26Z,10.15199,-37.92753,8.96,29.557,36.052,R,1,1,1
1902464,2026-10-08T17:19:23Z,34.563,159.64,10.0,25.801,34.6145,A,1,1,1
1902481,2026-10-08T18:12:58Z,-35.49845,16.2761,8.88,17.294,35.581,R,1,1,1
1902486,2026-10-09T03:51:50Z,-33.09707,-2.5,9.0,16.51,35.625,R,1,1,1
1902487,2026-10-09T06:23:25Z,-30.17851,-35.74795,8.96,18.379,35.977,R,1,1,1
1902499,2026-10-08T12:35:07Z,-4.4675,2.7496,10.0,25.116,35.71,A,1,1,1
1902509,2026-10-09T05:48:04Z,37.21912,-34.8098,9.0,24.149,36.497,R,1,1,1
1902518,2026-10-08T15:59:28Z,-2.91381,-92.43819,9.08,27.007,35.254,A,1,1,1
1902521,2026-10-08T22:10:25Z,11.11556,-82.78689,8.96,29.607,35.861,R,1,1,1
1902575,2026-10-08T11:59:30Z,42.63970666666667,38.47852666666667,9.4,19.648,18.931,R,1,1,1
1902599,2026-10-09T00:51:20Z,-22.532106666666667,4.4857016666666665,9.7,18.787,35.76,A,1,1,1
1902601,2026-10-08T18:46:42Z,11.133769666666668,-21.912392666666666,9.43,28.368,34.98,R,1,1,1
1902606,2026-10-09T05:20:10Z,-36.225,45.5633,7.99,18.307,35.5244,A,1,1,1
1902608,2026-10-09T01:53:30Z,-9.198276666666667,-80.34312,9.3,25.576,35.472,R,1,1,1
1902657,2026-10-08T15:42:00Z,-22.46282666666667,57.522938333333336,9.6,24.252,35.079,A,1,1,1
1902688,2026-10-09T00:48:30Z,-10.031133333333333,-80.00583333333333,9.7,24.958,35.423,R,1,1,1
1902705,2026-10-08T12:24:39Z,-14.17341,-141.04383,10.0,27.233,36.1986,R,1,1,1
1902722,2026-10-08T14:06:43Z,-14.2587,-35.8981,10.0,26.806,37.44,A,1,1,1
1902734,2026-10-08T22:38:20Z,20.00392,59.327888333333334,9.8,27.928,35.952,R,1,1,1
1902799,2026-10-09T04:32:28Z,47.76991,-30.11442,8.96,16.272,35.155,A,1,1,1
1902828,2026-10-08T21:07:55Z,-29.6616,-165.6277,10.0,18.814,35.711,A,1,1,1
1902829,2026-10-08T21:55:32Z,-21.8759,-134.5635,10.0,23.84,36.401,A,1,1,1
